sbid;name;year;month;date_from;date_to;digital_version_url
37536;1879, November - december;1879;November - december;1879-11-01;1879-12-31;https://kbharkiv.dk/permalink/kildeviser/unit/37536
37537;1880, Januar;1880;Januar;1880-01-01;1880-01-31;https://kbharkiv.dk/permalink/kildeviser/unit/37537
37538;1881, Januar - Juni;1881;Januar - Juni;1881-01-01;1881-06-30;https://kbharkiv.dk/permalink/kildeviser/unit/37538
37539;1882, Januar - Februar;1882;Januar - Februar;1882-01-01;1882-02-28;https://kbharkiv.dk/permalink/kildeviser/unit/37539
37540;1883, Januar - Februar;1883;Januar - Februar;1883-01-01;1883-02-28;https://kbharkiv.dk/permalink/kildeviser/unit/37540
37541;1884, Januar - Marts;1884;Januar - Marts;1884-01-01;1884-03-31;https://kbharkiv.dk/permalink/kildeviser/unit/37541
37542;1885, Januar;1885;Januar;1885-01-01;1885-01-31;https://kbharkiv.dk/permalink/kildeviser/unit/37542
37543;1886, Januar;1886;Januar;1886-01-01;1886-01-31;https://kbharkiv.dk/permalink/kildeviser/unit/37543
37544;1887, Januar;1887;Januar;1887-01-01;1887-01-31;https://kbharkiv.dk/permalink/kildeviser/unit/37544
37545;1888, Januar;1888;Januar;1888-01-01;1888-01-31;https://kbharkiv.dk/permalink/kildeviser/unit/37545
37555;1898, Januar;1898;Januar;1898-01-01;1898-01-31;https://kbharkiv.dk/permalink/kildeviser/unit/37555
37556;1899, Januar;1899;Januar;1899-01-01;1899-01-31;https://kbharkiv.dk/permalink/kildeviser/unit/37556
37557;1900, Januar bd. 1;1900;Januar bd. 1;1900-01-01;1900-01-31;https://kbharkiv.dk/permalink/kildeviser/unit/37557
37558;1901, Januar;1901;Januar;1901-01-01;1901-01-31;https://kbharkiv.dk/permalink/kildeviser/unit/37558
37559;1902, Januar;1902;Januar;1902-01-01;1902-01-31;https://kbharkiv.dk/permalink/kildeviser/unit/37559
37560;1903, Januar;1903;Januar;1903-01-01;1903-01-31;https://kbharkiv.dk/permalink/kildeviser/unit/37560
37561;1904, Januar;1904;Januar;1904-01-01;1904-01-31;https://kbharkiv.dk/permalink/kildeviser/unit/37561
37562;1905, Januar;1905;Januar;1905-01-01;1905-01-31;https://kbharkiv.dk/permalink/kildeviser/unit/37562
37563;1906, Januar;1906;Januar;1906-01-01;1906-01-31;https://kbharkiv.dk/permalink/kildeviser/unit/37563
37564;1907, Januar;1907;Januar;1907-01-01;1907-01-31;https://kbharkiv.dk/permalink/kildeviser/unit/37564
37565;1908, Januar;1908;Januar;1908-01-01;1908-01-31;https://kbharkiv.dk/permalink/kildeviser/unit/37565
37566;1909, Januar;1909;Januar;1909-01-01;1909-01-31;https://kbharkiv.dk/permalink/kildeviser/unit/37566
37567;1910, Januar;1910;Januar;1910-01-01;1910-01-31;https://kbharkiv.dk/permalink/kildeviser/unit/37567
272944;1880, Februar;1880;Februar;1880-02-01;1880-02-29;https://kbharkiv.dk/permalink/kildeviser/unit/272944
272945;1880, Marts;1880;Marts;1880-03-01;1880-03-31;https://kbharkiv.dk/permalink/kildeviser/unit/272945
272946;1880, April;1880;April;1880-04-01;1880-04-30;https://kbharkiv.dk/permalink/kildeviser/unit/272946
272947;1880, Maj;1880;Maj;1880-05-01;1880-05-31;https://kbharkiv.dk/permalink/kildeviser/unit/272947
272948;1880, Juni - Juli;1880;Juni - Juli;1880-06-01;1880-07-31;https://kbharkiv.dk/permalink/kildeviser/unit/272948
272949;1880, August - September;1880;August - September;1880-08-01;1880-09-30;https://kbharkiv.dk/permalink/kildeviser/unit/272949
272950;1880, Oktober - December;1880;Oktober - December;1880-10-01;1880-12-31;https://kbharkiv.dk/permalink/kildeviser/unit/272950
272951;1881, Juli;1881;Juli;1881-07-01;1881-07-31;https://kbharkiv.dk/permalink/kildeviser/unit/272951
272952;1881, August;1881;August;1881-08-01;1881-08-31;https://kbharkiv.dk/permalink/kildeviser/unit/272952
272953;1881, September - Oktober;1881;September - Oktober;1881-09-01;1881-10-31;https://kbharkiv.dk/permalink/kildeviser/unit/272953
272954;1881, November - December;1881;November - December;1881-11-01;1881-12-31;https://kbharkiv.dk/permalink/kildeviser/unit/272954
272955;1882, Marts - April;1882;Marts - April;1882-03-01;1882-04-30;https://kbharkiv.dk/permalink/kildeviser/unit/272955
272956;1882, Maj - Juni;1882;Maj - Juni;1882-05-01;1882-06-30;https://kbharkiv.dk/permalink/kildeviser/unit/272956
272957;1882, Juli - August;1882;Juli - August;1882-07-01;1882-08-31;https://kbharkiv.dk/permalink/kildeviser/unit/272957
272958;1882, September - Oktober;1882;September - Oktober;1882-09-01;1882-10-31;https://kbharkiv.dk/permalink/kildeviser/unit/272958
272959;1882, November - December;1882;November - December;1882-11-01;1882-12-31;https://kbharkiv.dk/permalink/kildeviser/unit/272959
272960;1883, Marts - Maj;1883;Marts - Maj;1883-03-01;1883-05-31;https://kbharkiv.dk/permalink/kildeviser/unit/272960
272961;1883, Juni - August;1883;Juni - August;1883-06-01;1883-08-31;https://kbharkiv.dk/permalink/kildeviser/unit/272961
272962;1883, September - December;1883;September - December;1883-09-01;1883-12-31;https://kbharkiv.dk/permalink/kildeviser/unit/272962
272963;1884, April - Juni;1884;April - Juni;1884-04-01;1884-06-30;https://kbharkiv.dk/permalink/kildeviser/unit/272963
272964;1884, Juli - August;1884;Juli - August;1884-07-01;1884-08-31;https://kbharkiv.dk/permalink/kildeviser/unit/272964
272965;1884, September - Oktober;1884;September - Oktober;1884-09-01;1884-10-31;https://kbharkiv.dk/permalink/kildeviser/unit/272965
272966;1884, November;1884;November;1884-11-01;1884-11-30;https://kbharkiv.dk/permalink/kildeviser/unit/272966
272967;1884, December;1884;December;1884-12-01;1884-12-31;https://kbharkiv.dk/permalink/kildeviser/unit/272967
272968;1885, Februar;1885;Februar;1885-02-01;1885-02-28;https://kbharkiv.dk/permalink/kildeviser/unit/272968
272969;1885, Marts;1885;Marts;1885-03-01;1885-03-31;https://kbharkiv.dk/permalink/kildeviser/unit/272969
272970;1885, April;1885;April;1885-04-01;1885-04-30;https://kbharkiv.dk/permalink/kildeviser/unit/272970
272971;1885, Maj;1885;Maj;1885-05-01;1885-05-31;https://kbharkiv.dk/permalink/kildeviser/unit/272971
272972;1885, Juni;1885;Juni;1885-06-01;1885-06-30;https://kbharkiv.dk/permalink/kildeviser/unit/272972
272973;1885, Juli;1885;Juli;1885-07-01;1885-07-31;https://kbharkiv.dk/permalink/kildeviser/unit/272973
272974;1885, August;1885;August;1885-08-01;1885-08-31;https://kbharkiv.dk/permalink/kildeviser/unit/272974
272975;1885, September;1885;September;1885-09-01;1885-09-30;https://kbharkiv.dk/permalink/kildeviser/unit/272975
272976;1885, Oktober;1885;Oktober;1885-10-01;1885-10-31;https://kbharkiv.dk/permalink/kildeviser/unit/272976
272977;1885, November;1885;November;1885-11-01;1885-11-30;https://kbharkiv.dk/permalink/kildeviser/unit/272977
272978;1885, December;1885;December;1885-12-01;1885-12-31;https://kbharkiv.dk/permalink/kildeviser/unit/272978
272979;1886, Februar;1886;Februar;1886-02-01;1886-02-28;https://kbharkiv.dk/permalink/kildeviser/unit/272979
272980;1886, Marts;1886;Marts;1886-03-01;1886-03-31;https://kbharkiv.dk/permalink/kildeviser/unit/272980
272981;1886, April;1886;April;1886-04-01;1886-04-30;https://kbharkiv.dk/permalink/kildeviser/unit/272981
272982;1886, Maj;1886;Maj;1886-05-01;1886-05-31;https://kbharkiv.dk/permalink/kildeviser/unit/272982
272983;1886, Juni;1886;Juni;1886-06-01;1886-06-30;https://kbharkiv.dk/permalink/kildeviser/unit/272983
272984;1886, Juli;1886;Juli;1886-07-01;1886-07-31;https://kbharkiv.dk/permalink/kildeviser/unit/272984
272985;1886, August;1886;August;1886-08-01;1886-08-31;https://kbharkiv.dk/permalink/kildeviser/unit/272985
272986;1886, September;1886;September;1886-09-01;1886-09-30;https://kbharkiv.dk/permalink/kildeviser/unit/272986
272987;1886, Oktober;1886;Oktober;1886-10-01;1886-10-31;https://kbharkiv.dk/permalink/kildeviser/unit/272987
272988;1886, November;1886;November;1886-11-01;1886-11-30;https://kbharkiv.dk/permalink/kildeviser/unit/272988
272989;1886, December;1886;December;1886-12-01;1886-12-31;https://kbharkiv.dk/permalink/kildeviser/unit/272989
272990;1887, Februar;1887;Februar;1887-02-01;1887-02-28;https://kbharkiv.dk/permalink/kildeviser/unit/272990
272991;1887, Marts;1887;Marts;1887-03-01;1887-03-31;https://kbharkiv.dk/permalink/kildeviser/unit/272991
272992;1887, April;1887;April;1887-04-01;1887-04-30;https://kbharkiv.dk/permalink/kildeviser/unit/272992
272993;1887, Maj;1887;Maj;1887-05-01;1887-05-31;https://kbharkiv.dk/permalink/kildeviser/unit/272993
272994;1887, Juni;1887;Juni;1887-06-01;1887-06-30;https://kbharkiv.dk/permalink/kildeviser/unit/272994
272995;1887, Juli;1887;Juli;1887-07-01;1887-07-31;https://kbharkiv.dk/permalink/kildeviser/unit/272995
272996;1887, August;1887;August;1887-08-01;1887-08-31;https://kbharkiv.dk/permalink/kildeviser/unit/272996
272997;1887, September;1887;September;1887-09-01;1887-09-30;https://kbharkiv.dk/permalink/kildeviser/unit/272997
272998;1887, Oktober;1887;Oktober;1887-10-01;1887-10-31;https://kbharkiv.dk/permalink/kildeviser/unit/272998
272999;1887, November;1887;November;1887-11-01;1887-11-30;https://kbharkiv.dk/permalink/kildeviser/unit/272999
273000;1887, December;1887;December;1887-12-01;1887-12-31;https://kbharkiv.dk/permalink/kildeviser/unit/273000
273001;1888, Februar;1888;Februar;1888-02-01;1888-02-29;https://kbharkiv.dk/permalink/kildeviser/unit/273001
273002;1888, Marts;1888;Marts;1888-03-01;1888-03-31;https://kbharkiv.dk/permalink/kildeviser/unit/273002
273003;1888, April;1888;April;1888-04-01;1888-04-30;https://kbharkiv.dk/permalink/kildeviser/unit/273003
273004;1888, Maj;1888;Maj;1888-05-01;1888-05-31;https://kbharkiv.dk/permalink/kildeviser/unit/273004
273005;1888, Juni;1888;Juni;1888-06-01;1888-06-30;https://kbharkiv.dk/permalink/kildeviser/unit/273005
273006;1888, Juli;1888;Juli;1888-07-01;1888-07-31;https://kbharkiv.dk/permalink/kildeviser/unit/273006
273007;1888, August;1888;August;1888-08-01;1888-08-31;https://kbharkiv.dk/permalink/kildeviser/unit/273007
273008;1888, September;1888;September;1888-09-01;1888-09-30;https://kbharkiv.dk/permalink/kildeviser/unit/273008
273009;1888, Oktober;1888;Oktober;1888-10-01;1888-10-31;https://kbharkiv.dk/permalink/kildeviser/unit/273009
273010;1888, November;1888;November;1888-11-01;1888-11-30;https://kbharkiv.dk/permalink/kildeviser/unit/273010
273011;1888, December;1888;December;1888-12-01;1888-12-31;https://kbharkiv.dk/permalink/kildeviser/unit/273011
273117;1898, Februar;1898;Februar;1898-02-01;1898-02-28;https://kbharkiv.dk/permalink/kildeviser/unit/273117
273118;1898, Marts;1898;Marts;1898-03-01;1898-03-31;https://kbharkiv.dk/permalink/kildeviser/unit/273118
273119;1898, April;1898;April;1898-04-01;1898-04-30;https://kbharkiv.dk/permalink/kildeviser/unit/273119
273120;1898, Maj;1898;Maj;1898-05-01;1898-05-31;https://kbharkiv.dk/permalink/kildeviser/unit/273120
273121;1898, Juni;1898;Juni;1898-06-01;1898-06-30;https://kbharkiv.dk/permalink/kildeviser/unit/273121
273122;1898, Juli;1898;Juli;1898-07-01;1898-07-31;https://kbharkiv.dk/permalink/kildeviser/unit/273122
273123;1898, August;1898;August;1898-08-01;1898-08-31;https://kbharkiv.dk/permalink/kildeviser/unit/273123
273124;1898, September;1898;September;1898-09-01;1898-09-30;https://kbharkiv.dk/permalink/kildeviser/unit/273124
273125;1898, Oktober;1898;Oktober;1898-10-01;1898-10-31;https://kbharkiv.dk/permalink/kildeviser/unit/273125
273126;1898, November;1898;November;1898-11-01;1898-11-30;https://kbharkiv.dk/permalink/kildeviser/unit/273126
273127;1898, December;1898;December;1898-12-01;1898-12-31;https://kbharkiv.dk/permalink/kildeviser/unit/273127
273128;1899, Februar;1899;Februar;1899-02-01;1899-02-28;https://kbharkiv.dk/permalink/kildeviser/unit/273128
273129;1899, Marts;1899;Marts;1899-03-01;1899-03-31;https://kbharkiv.dk/permalink/kildeviser/unit/273129
273130;1899, April;1899;April;1899-04-01;1899-04-30;https://kbharkiv.dk/permalink/kildeviser/unit/273130
273131;1899, Maj;1899;Maj;1899-05-01;1899-05-31;https://kbharkiv.dk/permalink/kildeviser/unit/273131
273132;1899, Juni;1899;Juni;1899-06-01;1899-06-30;https://kbharkiv.dk/permalink/kildeviser/unit/273132
273133;1899, Juli;1899;Juli;1899-07-01;1899-07-31;https://kbharkiv.dk/permalink/kildeviser/unit/273133
273134;1899, August;1899;August;1899-08-01;1899-08-31;https://kbharkiv.dk/permalink/kildeviser/unit/273134
273135;1899, September;1899;September;1899-09-01;1899-09-30;https://kbharkiv.dk/permalink/kildeviser/unit/273135
273136;1899, Oktober;1899;Oktober;1899-10-01;1899-10-31;https://kbharkiv.dk/permalink/kildeviser/unit/273136
273137;1899, November;1899;November;1899-11-01;1899-11-30;https://kbharkiv.dk/permalink/kildeviser/unit/273137
273138;1899, December;1899;December;1899-12-01;1899-12-31;https://kbharkiv.dk/permalink/kildeviser/unit/273138
273139;1900, Januar bd. 2;1900;Januar bd. 2;1900-01-01;1900-01-31;https://kbharkiv.dk/permalink/kildeviser/unit/273139
273140;1900, Februar bd. 1;1900;Februar bd. 1;1900-02-01;1900-02-28;https://kbharkiv.dk/permalink/kildeviser/unit/273140
273141;1900, Februar bd. 2;1900;Februar bd. 2;1900-02-01;1900-02-28;https://kbharkiv.dk/permalink/kildeviser/unit/273141
273142;1900, Marts bd. 1;1900;Marts bd. 1;1900-03-01;1900-03-31;https://kbharkiv.dk/permalink/kildeviser/unit/273142
273143;1900, Marts bd. 2;1900;Marts bd. 2;1900-03-01;1900-03-31;https://kbharkiv.dk/permalink/kildeviser/unit/273143
273144;1900, April bd. 1;1900;April bd. 1;1900-04-01;1900-04-30;https://kbharkiv.dk/permalink/kildeviser/unit/273144
273145;1900, April bd. 2;1900;April bd. 2;1900-04-01;1900-04-30;https://kbharkiv.dk/permalink/kildeviser/unit/273145
273146;1900, Maj bd. 1;1900;Maj bd. 1;1900-05-01;1900-05-31;https://kbharkiv.dk/permalink/kildeviser/unit/273146
273147;1900, Maj bd. 2;1900;Maj bd. 2;1900-05-01;1900-05-31;https://kbharkiv.dk/permalink/kildeviser/unit/273147
273148;1900, Juni;1900;Juni;1900-06-01;1900-06-30;https://kbharkiv.dk/permalink/kildeviser/unit/273148
273149;1900, Juli bd. 1;1900;Juli bd. 1;1900-07-01;1900-07-31;https://kbharkiv.dk/permalink/kildeviser/unit/273149
273150;1900, Juli bd. 2;1900;Juli bd. 2;1900-07-01;1900-07-31;https://kbharkiv.dk/permalink/kildeviser/unit/273150
273151;1900, August;1900;August;1900-08-01;1900-08-31;https://kbharkiv.dk/permalink/kildeviser/unit/273151
273152;1900, September;1900;September;1900-09-01;1900-09-30;https://kbharkiv.dk/permalink/kildeviser/unit/273152
273153;1900, Oktober;1900;Oktober;1900-10-01;1900-10-31;https://kbharkiv.dk/permalink/kildeviser/unit/273153
273154;1900, November;1900;November;1900-11-01;1900-11-30;https://kbharkiv.dk/permalink/kildeviser/unit/273154
273155;1900, December;1900;December;1900-12-01;1900-12-31;https://kbharkiv.dk/permalink/kildeviser/unit/273155
273156;1901, Februar;1901;Februar;1901-02-01;1901-02-28;https://kbharkiv.dk/permalink/kildeviser/unit/273156
273157;1901, Marts;1901;Marts;1901-03-01;1901-03-31;https://kbharkiv.dk/permalink/kildeviser/unit/273157
273158;1901, April;1901;April;1901-04-01;1901-04-30;https://kbharkiv.dk/permalink/kildeviser/unit/273158
273159;1901, Maj;1901;Maj;1901-05-01;1901-05-31;https://kbharkiv.dk/permalink/kildeviser/unit/273159
273160;1901, Juni;1901;Juni;1901-06-01;1901-06-30;https://kbharkiv.dk/permalink/kildeviser/unit/273160
273161;1901, Juli;1901;Juli;1901-07-01;1901-07-31;https://kbharkiv.dk/permalink/kildeviser/unit/273161
273162;1901, August;1901;August;1901-08-01;1901-08-31;https://kbharkiv.dk/permalink/kildeviser/unit/273162
273163;1901, September;1901;September;1901-09-01;1901-09-30;https://kbharkiv.dk/permalink/kildeviser/unit/273163
273164;1901, Oktober;1901;Oktober;1901-10-01;1901-10-31;https://kbharkiv.dk/permalink/kildeviser/unit/273164
273165;1901, November;1901;November;1901-11-01;1901-11-30;https://kbharkiv.dk/permalink/kildeviser/unit/273165
273166;1901, December;1901;December;1901-12-01;1901-12-31;https://kbharkiv.dk/permalink/kildeviser/unit/273166
273167;1902, Februar;1902;Februar;1902-02-01;1902-02-28;https://kbharkiv.dk/permalink/kildeviser/unit/273167
273168;1902, Marts;1902;Marts;1902-03-01;1902-03-31;https://kbharkiv.dk/permalink/kildeviser/unit/273168
273169;1902, April;1902;April;1902-04-01;1902-04-30;https://kbharkiv.dk/permalink/kildeviser/unit/273169
273170;1902, Maj;1902;Maj;1902-05-01;1902-05-31;https://kbharkiv.dk/permalink/kildeviser/unit/273170
273171;1902, Juni;1902;Juni;1902-06-01;1902-06-30;https://kbharkiv.dk/permalink/kildeviser/unit/273171
273172;1902, Juli;1902;Juli;1902-07-01;1902-07-31;https://kbharkiv.dk/permalink/kildeviser/unit/273172
273173;1902, August;1902;August;1902-08-01;1902-08-31;https://kbharkiv.dk/permalink/kildeviser/unit/273173
273174;1902, September;1902;September;1902-09-01;1902-09-30;https://kbharkiv.dk/permalink/kildeviser/unit/273174
273175;1902, Oktober;1902;Oktober;1902-10-01;1902-10-31;https://kbharkiv.dk/permalink/kildeviser/unit/273175
273176;1902, November;1902;November;1902-11-01;1902-11-30;https://kbharkiv.dk/permalink/kildeviser/unit/273176
273177;1902, December;1902;December;1902-12-01;1902-12-31;https://kbharkiv.dk/permalink/kildeviser/unit/273177
273178;1903, Februar;1903;Februar;1903-02-01;1903-02-28;https://kbharkiv.dk/permalink/kildeviser/unit/273178
273179;1903, Marts;1903;Marts;1903-03-01;1903-03-31;https://kbharkiv.dk/permalink/kildeviser/unit/273179
273180;1903, April;1903;April;1903-04-01;1903-04-30;https://kbharkiv.dk/permalink/kildeviser/unit/273180
273181;1903, Maj;1903;Maj;1903-05-01;1903-05-31;https://kbharkiv.dk/permalink/kildeviser/unit/273181
273182;1903, Juni;1903;Juni;1903-06-01;1903-06-30;https://kbharkiv.dk/permalink/kildeviser/unit/273182
273183;1903, Juli;1903;Juli;1903-07-01;1903-07-31;https://kbharkiv.dk/permalink/kildeviser/unit/273183
273184;1903, August;1903;August;1903-08-01;1903-08-31;https://kbharkiv.dk/permalink/kildeviser/unit/273184
273185;1903, September;1903;September;1903-09-01;1903-09-30;https://kbharkiv.dk/permalink/kildeviser/unit/273185
273186;1903, Oktober;1903;Oktober;1903-10-01;1903-10-31;https://kbharkiv.dk/permalink/kildeviser/unit/273186
273187;1903, November;1903;November;1903-11-01;1903-11-30;https://kbharkiv.dk/permalink/kildeviser/unit/273187
273188;1903, December;1903;December;1903-12-01;1903-12-31;https://kbharkiv.dk/permalink/kildeviser/unit/273188
273189;1904, Februar;1904;Februar;1904-02-01;1904-02-29;https://kbharkiv.dk/permalink/kildeviser/unit/273189
273190;1904, Marts;1904;Marts;1904-03-01;1904-03-31;https://kbharkiv.dk/permalink/kildeviser/unit/273190
273191;1904, April;1904;April;1904-04-01;1904-04-30;https://kbharkiv.dk/permalink/kildeviser/unit/273191
273192;1904, Maj;1904;Maj;1904-05-01;1904-05-31;https://kbharkiv.dk/permalink/kildeviser/unit/273192
273193;1904, Juni;1904;Juni;1904-06-01;1904-06-30;https://kbharkiv.dk/permalink/kildeviser/unit/273193
273194;1904, Juli;1904;Juli;1904-07-01;1904-07-31;https://kbharkiv.dk/permalink/kildeviser/unit/273194
273195;1904, August;1904;August;1904-08-01;1904-08-31;https://kbharkiv.dk/permalink/kildeviser/unit/273195
273196;1904, September;1904;September;1904-09-01;1904-09-30;https://kbharkiv.dk/permalink/kildeviser/unit/273196
273197;1904, Oktober;1904;Oktober;1904-10-01;1904-10-31;https://kbharkiv.dk/permalink/kildeviser/unit/273197
273198;1904, November;1904;November;1904-11-01;1904-11-30;https://kbharkiv.dk/permalink/kildeviser/unit/273198
273199;1904, December;1904;December;1904-12-01;1904-12-31;https://kbharkiv.dk/permalink/kildeviser/unit/273199
273200;1905, Februar;1905;Februar;1905-02-01;1905-02-28;https://kbharkiv.dk/permalink/kildeviser/unit/273200
273201;1905, Marts;1905;Marts;1905-03-01;1905-03-31;https://kbharkiv.dk/permalink/kildeviser/unit/273201
273202;1905, April;1905;April;1905-04-01;1905-04-30;https://kbharkiv.dk/permalink/kildeviser/unit/273202
273203;1905, Maj;1905;Maj;1905-05-01;1905-05-31;https://kbharkiv.dk/permalink/kildeviser/unit/273203
273204;1905, Juni;1905;Juni;1905-06-01;1905-06-30;https://kbharkiv.dk/permalink/kildeviser/unit/273204
273205;1905, Juli;1905;Juli;1905-07-01;1905-07-31;https://kbharkiv.dk/permalink/kildeviser/unit/273205
273206;1905, August;1905;August;1905-08-01;1905-08-31;https://kbharkiv.dk/permalink/kildeviser/unit/273206
273207;1905, September;1905;September;1905-09-01;1905-09-30;https://kbharkiv.dk/permalink/kildeviser/unit/273207
273208;1905, Oktober;1905;Oktober;1905-10-01;1905-10-31;https://kbharkiv.dk/permalink/kildeviser/unit/273208
273209;1905, November;1905;November;1905-11-01;1905-11-30;https://kbharkiv.dk/permalink/kildeviser/unit/273209
273210;1905, December;1905;December;1905-12-01;1905-12-31;https://kbharkiv.dk/permalink/kildeviser/unit/273210
273211;1906, Februar;1906;Februar;1906-02-01;1906-02-28;https://kbharkiv.dk/permalink/kildeviser/unit/273211
273212;1906, Marts;1906;Marts;1906-03-01;1906-03-31;https://kbharkiv.dk/permalink/kildeviser/unit/273212
273213;1906, April;1906;April;1906-04-01;1906-04-30;https://kbharkiv.dk/permalink/kildeviser/unit/273213
273214;1906, Maj;1906;Maj;1906-05-01;1906-05-31;https://kbharkiv.dk/permalink/kildeviser/unit/273214
273215;1906, Juni;1906;Juni;1906-06-01;1906-06-30;https://kbharkiv.dk/permalink/kildeviser/unit/273215
273216;1906, Juli;1906;Juli;1906-07-01;1906-07-31;https://kbharkiv.dk/permalink/kildeviser/unit/273216
273217;1906, August;1906;August;1906-08-01;1906-08-31;https://kbharkiv.dk/permalink/kildeviser/unit/273217
273218;1906, September;1906;September;1906-09-01;1906-09-30;https://kbharkiv.dk/permalink/kildeviser/unit/273218
273219;1906, Oktober;1906;Oktober;1906-10-01;1906-10-31;https://kbharkiv.dk/permalink/kildeviser/unit/273219
273220;1906, November;1906;November;1906-11-01;1906-11-30;https://kbharkiv.dk/permalink/kildeviser/unit/273220
273221;1906, December;1906;December;1906-12-01;1906-12-31;https://kbharkiv.dk/permalink/kildeviser/unit/273221
273222;1907, Februar;1907;Februar;1907-02-01;1907-02-28;https://kbharkiv.dk/permalink/kildeviser/unit/273222
273223;1907, Marts;1907;Marts;1907-03-01;1907-03-31;https://kbharkiv.dk/permalink/kildeviser/unit/273223
273224;1907, April;1907;April;1907-04-01;1907-04-30;https://kbharkiv.dk/permalink/kildeviser/unit/273224
273225;1907, Maj;1907;Maj;1907-05-01;1907-05-31;https://kbharkiv.dk/permalink/kildeviser/unit/273225
273226;1907, Juni;1907;Juni;1907-06-01;1907-06-30;https://kbharkiv.dk/permalink/kildeviser/unit/273226
273227;1907, Juli;1907;Juli;1907-07-01;1907-07-31;https://kbharkiv.dk/permalink/kildeviser/unit/273227
273228;1907, August;1907;August;1907-08-01;1907-08-31;https://kbharkiv.dk/permalink/kildeviser/unit/273228
273229;1907, September;1907;September;1907-09-01;1907-09-30;https://kbharkiv.dk/permalink/kildeviser/unit/273229
273230;1907, Oktober;1907;Oktober;1907-10-01;1907-10-31;https://kbharkiv.dk/permalink/kildeviser/unit/273230
273231;1907, November;1907;November;1907-11-01;1907-11-30;https://kbharkiv.dk/permalink/kildeviser/unit/273231
273232;1907, December;1907;December;1907-12-01;1907-12-31;https://kbharkiv.dk/permalink/kildeviser/unit/273232
273233;1908, Februar;1908;Februar;1908-02-01;1908-02-29;https://kbharkiv.dk/permalink/kildeviser/unit/273233
273234;1908, Marts;1908;Marts;1908-03-01;1908-03-31;https://kbharkiv.dk/permalink/kildeviser/unit/273234
273235;1908, April;1908;April;1908-04-01;1908-04-30;https://kbharkiv.dk/permalink/kildeviser/unit/273235
273236;1908, Maj;1908;Maj;1908-05-01;1908-05-31;https://kbharkiv.dk/permalink/kildeviser/unit/273236
273237;1908, Juni;1908;Juni;1908-06-01;1908-06-30;https://kbharkiv.dk/permalink/kildeviser/unit/273237
273238;1908, Juli;1908;Juli;1908-07-01;1908-07-31;https://kbharkiv.dk/permalink/kildeviser/unit/273238
273239;1908, August;1908;August;1908-08-01;1908-08-31;https://kbharkiv.dk/permalink/kildeviser/unit/273239
273240;1908, September;1908;September;1908-09-01;1908-09-30;https://kbharkiv.dk/permalink/kildeviser/unit/273240
273241;1908, Oktober;1908;Oktober;1908-10-01;1908-10-31;https://kbharkiv.dk/permalink/kildeviser/unit/273241
273242;1908, November;1908;November;1908-11-01;1908-11-30;https://kbharkiv.dk/permalink/kildeviser/unit/273242
273243;1908, December;1908;December;1908-12-01;1908-12-31;https://kbharkiv.dk/permalink/kildeviser/unit/273243
273244;1909, Februar;1909;Februar;1909-02-01;1909-02-28;https://kbharkiv.dk/permalink/kildeviser/unit/273244
273245;1909, Marts;1909;Marts;1909-03-01;1909-03-31;https://kbharkiv.dk/permalink/kildeviser/unit/273245
273246;1909, April;1909;April;1909-04-01;1909-04-30;https://kbharkiv.dk/permalink/kildeviser/unit/273246
273247;1909, Maj;1909;Maj;1909-05-01;1909-05-31;https://kbharkiv.dk/permalink/kildeviser/unit/273247
273248;1909, Juni;1909;Juni;1909-06-01;1909-06-30;https://kbharkiv.dk/permalink/kildeviser/unit/273248
273249;1909, Juli;1909;Juli;1909-07-01;1909-07-31;https://kbharkiv.dk/permalink/kildeviser/unit/273249
273250;1909, August;1909;August;1909-08-01;1909-08-31;https://kbharkiv.dk/permalink/kildeviser/unit/273250
273251;1909, September;1909;September;1909-09-01;1909-09-30;https://kbharkiv.dk/permalink/kildeviser/unit/273251
273252;1909, Oktober;1909;Oktober;1909-10-01;1909-10-31;https://kbharkiv.dk/permalink/kildeviser/unit/273252
273253;1909, November;1909;November;1909-11-01;1909-11-30;https://kbharkiv.dk/permalink/kildeviser/unit/273253
273254;1909, December;1909;December;1909-12-01;1909-12-31;https://kbharkiv.dk/permalink/kildeviser/unit/273254
273255;1910, Februar;1910;Februar;1910-02-01;1910-02-28;https://kbharkiv.dk/permalink/kildeviser/unit/273255
273256;1910, Marts;1910;Marts;1910-03-01;1910-03-31;https://kbharkiv.dk/permalink/kildeviser/unit/273256
273257;1910, April;1910;April;1910-04-01;1910-04-30;https://kbharkiv.dk/permalink/kildeviser/unit/273257
273258;1910, Maj;1910;Maj;1910-05-01;1910-05-31;https://kbharkiv.dk/permalink/kildeviser/unit/273258
273259;1910, Juni;1910;Juni;1910-06-01;1910-06-30;https://kbharkiv.dk/permalink/kildeviser/unit/273259
273260;1910, Juli;1910;Juli;1910-07-01;1910-07-31;https://kbharkiv.dk/permalink/kildeviser/unit/273260
273261;1910, August;1910;August;1910-08-01;1910-08-31;https://kbharkiv.dk/permalink/kildeviser/unit/273261
273262;1910, September;1910;September;1910-09-01;1910-09-30;https://kbharkiv.dk/permalink/kildeviser/unit/273262
273263;1910, Oktober;1910;Oktober;1910-10-01;1910-10-31;https://kbharkiv.dk/permalink/kildeviser/unit/273263
273264;1910, November;1910;November;1910-11-01;1910-11-30;https://kbharkiv.dk/permalink/kildeviser/unit/273264
273265;1910, December;1910;December;1910-12-01;1910-12-31;https://kbharkiv.dk/permalink/kildeviser/unit/273265
